Firm, Position, URL, Applied, Response
Seven Eight Capital,Quant Research,https://boards.greenhouse.io/seveneightcapital/jobs/4484843002?gh_jid=4484843002,,
Seven Eight Capital,Quant Dev,https://boards.greenhouse.io/seveneightcapital/jobs/4477870002?gh_jid=4477870002,,
Seven Eight Capital,Quant SWE,https://boards.greenhouse.io/seveneightcapital/jobs/4477864002?gh_jid=4477864002,,
Vatic Labs,Algo Trader,http://www.vaticlabs.ai/careers/72038/?gh_jid=72038,,
Vatic Labs,SWE,http://www.vaticlabs.ai/careers/53508/?gh_jid=53508,,
HRT,Algo Dev,https://www.hudsonrivertrading.com/careers/job/?gh_jid=82675,,
HRT,SWE,https://www.hudsonrivertrading.com/careers/job/?gh_jid=86641,,
Citadel,SWE,https://www.citadel.com/careers/details/software-engineering-rotation-program-full-time-us/,,
Citadel,Quant Research,https://www.citadel.com/careers/details/quantitative-researcher-full-time-us-2/,,
Citadel,Trader,https://www.citadel.com/careers/details/trader-full-time-us/,,
Tower Research,Quant Trader,https://www.tower-research.com/open-positions/?gh_jid=2238167,,
BOFA,Quant Analyst,https://campus.bankofamerica.com/careers/Global-Quantitative-Analytics-Analyst-Program-US.html,,
Cubist,Quant Research,https://careers.point72.com/CSJobDetail?jobName=entry-level-quantitative-researcher&jobCode=CSS-0002297&retURL=/CSCareerSearch,,
Akuna,Quant Research ML,https://akunacapital.com/job-details?gh_jid=2231479,,
Akuna,Quant Dev,https://akunacapital.com/job-details?gh_jid=2231482,,
Akuna,Quant Trader,https://akunacapital.com/job-details?gh_jid=2231483,,
Akuna,Trader,https://akunacapital.com/job-details?gh_jid=1828082,,
ArrowStreet Capital,Research Ass,https://arrowstreetcapital.wd5.myworkdayjobs.com/en-US/Arrowstreet/job/Boston/Research-Associate_R66,,
ArrowStreet Capital,Quant Business ,https://arrowstreetcapital.wd5.myworkdayjobs.com/en-US/Arrowstreet/job/Boston/Quantitative-Business-Analyst_R183,,
ArrowStreet Capital,Data Sci,https://arrowstreetcapital.wd5.myworkdayjobs.com/en-US/Arrowstreet/job/Boston/Data-Science-Research-Associate_R71,,
ArrowStreet Capital,Research Quant Dev,https://arrowstreetcapital.wd5.myworkdayjobs.com/en-US/Arrowstreet/job/Boston/Quantitative-Developer_R178-2,,
Old Mission Capital,Trading Analyst,https://careers-oldmissioncapital.icims.com/jobs/1097/trading-research-analyst/job,,
Old Mission Capital,Quant Anal,https://careers-oldmissioncapital.icims.com/jobs/1068/quantitative-analyst/job,,
Old Mission Capital,Quant Trading Anal,https://careers-oldmissioncapital.icims.com/jobs/1071/quantitative-trading-analyst/job,,
XR Trading,Junior Trader,https://xrtrading-openhire.silkroad.com/epostings/index.cfm?fuseaction=app.jobinfo&jobid=50&company_id=16518&version=1&source=ONLINE&jobOwner=992344&aid=1,,
T3,Trader,https://rutgers.joinhandshake.com/jobs/1513982?ref=preview-header-click,,
Dexterity,Junior Quant,https://dexteritycapital.recruitee.com/o/junior-quant?source=Indeed,,
Belvedere,Hybrid Trader/Trader,http://belvederetrading.applicantstack.com/x/detail/a2sa4x05zkfy/aad1,,
GTS,Quant Research,https://careers-gtsx.icims.com/jobs/1175/job?utm_source=indeed_integration&iis=Job+Board&iisn=Indeed&indeed-apply-token=73a2d2b2a8d6d5c0a62696875eaebd669103652d3f0c2cd5445d3e66b1592b0f&mobile=false&width=1011&height=500&bga=true&needsRedirect=false&jan1offset=-300&jun1offset=-240,,
Virgil Quantitative Research,Quant Researcher,https://apply.workable.com/vqr/j/355B16956B/,,
Millenium,Quant Researcher,https://www.linkedin.com/jobs/view/1865607963/?alternateChannel=paview,,
Quantitative Systems,Quant Researcher,https://www.linkedin.com/jobs/view/1408008717/?alternateChannel=search,,
IMC Trading,Quant Trader,https://careers.imc.com/us/en/job/REQ-00857/Graduate-Quant-Trader,,
DRW,Quant Researcher,https://drw.com/careers/job/1352346,,
Trillium,Equity Trader,https://www.trlm.com/jobs/equity-trader/,,
Volant,SWE,https://boards.greenhouse.io/volanttrading/jobs/4730908002,,
7 Points Capital,,https://sevenpointscapital.pinpointhq.com/en/jobs/3035,,
DE Shaw,Prop Trader,https://www.deshaw.com/careers/proprietary-trader-new-york-2648,,
DE Shaw,Quant Analyst,https://www.deshaw.com/careers/quantitative-analyst-new-york-2636,,
2 Sigma,Quant Researcher,https://careers.twosigma.com/careers/JobDetail/New-York-New-York-United-States-Quantitative-Researcher-Full-Time-Campus-Hire/1731,,
2 Sigma,Quant ML,https://careers.twosigma.com/careers/JobDetail/New-York-New-York-United-States-Quantitative-Researcher-in-Machine-Learning/1439,,
2 Sigma,Quant SWE,https://careers.twosigma.com/careers/JobDetail/New-York-New-York-United-States-Quantitative-Software-Engineer-Campus-Hire/714,,
SIG,Quant Trader,https://careers.sig.com/job/SUSQA004Y4556/Quantitative-Trader,,
SIG,SWE,https://careers.sig.com/job/SUSQA004Y4835/Technology-Co-op,,
AQR,Data Specialist,https://careers.aqr.com/jobs/portfolio-implementation-and-implementation-research/greenwich-ct/data-specialist/2102707?lang=en_us#/,,
Blackrock,Algo Engineer,https://careers.blackrock.com/job/10831820/associate-portfolio-algo-engineer-etf-index-investments-san-francisco-ca,,
